,18,19,20,21,22,23,24,25,26,27,28,29,30,31,32,33,34,35,36,37,38,39,40,41,42
"Aaron Gordon",,243,962,1981,3003,4249,5143,5761,6887,,,,,,,,,,,,,,,,
"Adrian Dantley",,,,,2878,4075,5996,8283,10375,11789,13528,15285,17300,19127,20566,21878,23120,23120,23177,23177,23177,23177,23177,23177,23177
"AJ Griffin",,488,488,,,,,,,,,,,,,,,,,,,,,,
"Al Harrington",0,323,676,1535,2186,3214,4373,5621,6989,8188,9431,10862,11864,12488,12961,13067,13237,,,,,,,,
"Al Jefferson",,206,712,1267,2686,4523,5501,6806,7849,9465,10743,12489,13232,13845,14177,14343,14343,14343,14343,14343,14343,14343,14343,14343,14343
"Aleksej Pokusevski",,497,1101,,,,,,,,,,,,,,,,,,,,,,
"Alen Smailagić",,59,,,,,,,,,,,,,,,,,,,,,,,
"Alex English",,,,,,,,,,,,10864,13129,15473,17824,19989,22050,23905,25122,25613,25613,25613,25613,25613,25613
"Allan Houston",,,,,,,,,,,,9978,11545,13390,14314,14551,14551,14551,14551,14551,14551,14551,14551,14551,14551
"Allen Iverson",,,,1787,3545,4829,6818,9025,10908,13170,14436,16738,19115,20824,22988,23983,24368,24368,24368,24368,24368,24368,24368,24368,24368
"Alonzo Mourning",,,,,,,,5463,7091,7912,,10589,11259,12055,12614,,,13379,13968,14311,14311,14311,14311,14311,14311
"Alperen Şengün",,692,1444,1444,,,,,,,,,,,,,,,,,,,,,
"Alvan Adams",,,,1519,2815,3897,5266,6384,7499,8695,9830,10500,11702,12543,13299,13910,13910,13910,13910,13910,13910,13910,13910,13910,13910
"Amar'e Stoudemire",,67,1249,2388,4319,4430,6108,8225,9350,11243,13006,13829,14256,15112,15696,15994,15994,15994,15994,15994,15994,15994,15994,15994,15994
"Amir Johnson",20,67,,,,,,,,,,,,,,,,,,,,,,,
"Andray Blatche",,65,,,,,,,,,,,,,,,,,,,,,,,
"Andre Drummond",,476,1571,2701,4015,5120,6291,7661,8671,9358,9938,10207,,,,,,,,,,,,,
"Andre Iguodala",,,,1244,2514,4008,5522,7088,8172,8897,10025,10792,11325,11997,12363,12923,13316,13456,13629,13931,13958,13958,13958,13958,13958
"Andre Miller",,,,,,,,,,,,,,,,12838,13911,14533,15326,15726,16067,16239,16278,16278,16278
"Andrea Bargnani",,,,,,,,5535,,,,,,,,,,,,,,,,,
"Andrei Kirilenko",,,515,1511,2674,3491,4425,,,,,,,,,,,,,,,,,,
"Andrew Bynum",74,711,1171,1885,2862,3474,4597,,,,,,,,,,,,,,,,,,
"Andrew Wiggins",,826,2548,4384,6064,7377,8801,9491,11220,12093,12093,12093,12093,12093,,,,,,,,,,,
"Andris Biedriņš",73,328,1122,1827,2650,,,,,,,,,,,,,,,,,,,,
"Anfernee Hardaway",,,,,,,4706,5916,,,,,,,,,,,,,,,,,
"Anfernee Simons",,75,647,,2144,3287,,,,,,,,,,,,,,,,,,,
"Antawn Jamison",,,,,,,,,6775,7987,9321,11005,12393,14082,15883,17118,18128,19246,19958,20042,20042,20042,20042,20042,20042
"Anthony Davis",,630,2001,3558,5276,7093,9125,10991,12526,13194,14317,15216,15216,15216,15216,15216,15216,15216,15216,15216,15216,15216,15216,15216,15216
"Anthony Edwards",,1392,2925,4329,4329,4329,4329,,,,,,,,,,,,,,,,,,
"Anthony Randolph",,499,883,1188,,,,,,,,,,,,,,,,,,,,,
"Antoine Walker",,,1435,3275,4059,5739,7631,9425,10995,12146,13619,14619,15279,15647,15647,15647,15647,15647,15647,15647,15647,15647,15647,15647,15647
"Antonio McDyess",,,,,2372,3597,4658,6209,7667,,,,,,,,,,,,,,,,
"Archie Goodwin",,194,,,,,,,,,,,,,,,,,,,,,,,
"Artis Gilmore",,,,,,,,,,,,,,,,,,,14380,15314,15579,15579,15579,15579,15579
"Bailey Howell",,,,,,,,5730,7340,9069,10569,11924,13539,15299,16472,17467,17769,17769,17769,17769,17769,17769,17769,17769,17769
"Bam Adebayo",,,477,1206,2259,3549,4617,5669,,,,,,,,,,,,,,,,,
"Baron Davis",,,,1579,3053,3901,5463,6298,7341,8539,10368,11353,12509,13269,13401,13447,13447,13447,,,,,,,
"Ben Gordon",,,,,2384,4193,5576,7232,8108,9106,9632,10590,,,,,,,,,,,,,
"Ben McLemore",,,,1314,2095,,,,,,,,,,,,,,,,,,,,
"Ben Simmons",,,,1279,2616,3518,4382,,,,,,,,,,,,,,,,,,
"Bennedict Mathurin",,,958,,,,,,,,,,,,,,,,,,,,,,
"Bernard King",,,529,2507,3821,4310,5935,7780,9340,11482,12780,12780,13147,14335,16078,18074,19432,19432,19655,19655,19655,19655,19655,19655,19655
"Bill Cartwright",,,,,,3427,4464,5754,7064,,,,,,,,,,,,,,,,
"Bill Laimbeer",,,,,,,,,,,,,,,,,12997,13684,13792,13792,13792,13792,13792,13792,13792
"Bill Russell",,,,,,,,,,,,,,,12535,13467,14298,14523,14523,14523,14523,14523,14523,14523,14523
"Bill Willoughby",292,485,861,,,,,,,,,,,,,,,,,,,,,,
"Billy Cunningham",,,,,,,,6074,8188,10047,11791,11791,11791,13354,13628,13628,13628,13628,13628,13628,13628,13628,13628,13628,13628
"Bismack Biyombo",,327,713,,,,,,,,,,,,,,,,,,,,,,
"Blake Griffin",,,,1519,2740,4410,6286,7743,8749,9823,11246,12992,13479,13724,14325,14427,14427,14427,14427,14427,14427,14427,14427,14427,14427
"Blake Wesley",,43,,,,,,,,,,,,,,,,,,,,,,,
"Bob Boozer",,,,,,,,,,,,,,,12233,12961,,,,,,,,,
"Bob Cousy",,,,,,,,,6903,8259,9578,10744,12041,13498,14876,16051,17054,17054,17054,17054,17054,17054,17054,17059,17059
"Bob Dandridge",,,,,,,,5786,7068,8577,10138,11612,13150,14664,15391,15503,15530,15530,15530,15530,15530,15530,15530,15530,15530
"Bob Lanier",,,,,,3337,5264,7086,8909,10275,11891,13433,14686,15894,16855,17851,18268,19246,19246,19246,19246,19246,19246,19246,19246
"Bob Love",,,,,,,,,,,,,,,12358,13659,13896,13896,13896,13896,13896,13896,13896,13896,13896
"Bob McAdoo",,,,1441,3702,6533,8960,10821,12918,14405,15625,15790,16182,16885,17801,18491,18785,18785,18785,18785,18785,18785,18785,18785,18785
"Bob Pettit",,,,,,3811,5683,7414,9487,11437,13719,16125,18373,20227,20880,20880,20880,20880,20880,20880,20880,20880,20880,20880,20880
"Brad Daugherty",,,,1253,2733,4208,4898,6543,8109,9541,10389,10389,,,,,,,,,,,,,
"Bradley Beal",,780,2029,2991,3949,5728,7585,9684,11425,13303,14231,14925,14925,14925,14925,14925,14925,14925,14925,14925,14925,14925,14925,14925,14925
"Brandon Boston Jr.",,20,,,,,,,,,,,,,,,,,,,,,,,
"Brandon Ingram",,740,1689,2639,4116,5566,6812,7266,7266,,,,,,,,,,,,,,,,
"Brandon Jennings",,,1270,2289,3549,4946,6187,6819,7151,,,,,,,,,,,,,,,,
"Brandon Knight",,,1086,1913,3443,4599,5473,5820,,,,,,,,,,,,,,,,,
"Brandon Roy",,,,,,,,5534,,,,,,,,,,,,,,,,,
"Brian Winters",,,,,,,,,,7956,,,,,,,,,,,,,,,
"Brook Lopez",,,951,2497,4077,4379,5645,6168,7222,8889,10321,11332,12376,13084,13750,14173,15007,15007,15007,15007,15007,15007,15007,15007,15007
"Bruno Šundov",,28,,,,,,,,,,,,,,,,,,,,,,,
"Bryce McGowens",,16,,,,,,,,,,,,,,,,,,,,,,,
"Buck Williams",,,,,2299,3624,5081,6469,7777,9093,10170,11269,12227,13152,13834,14681,15344,15897,16480,16758,16784,16784,16784,16784,16784
"Byron Scott",,,,,,,,,,,,10076,11244,12080,12764,13629,14434,15040,15097,15097,15097,15097,15097,15097,15097
"C.J. Miles",41,174,,,,,,,,,,,,,,,,,,,,,,,
"Cade Cunningham",,,1114,1353,,,,,,,,,,,,,,,,,,,,,
"Caleb Houstan",,119,,,,,,,,,,,,,,,,,,,,,,,
"Calvin Murphy",,,,,,,,5442,6897,8619,10083,12030,13690,15210,16476,17131,17947,17947,17947,17947,17947,17947,17947,17947,17947
"Calvin Natt",,,,,,,,,,,9126,,,,,,,,,,,,,,
"Cam Reddish",,,610,,,,,,,,,,,,,,,,,,,,,,
"Cam Thomas",,,570,,,,,,,,,,,,,,,,,,,,,,
"Carl Braun",,,668,1481,2510,,,,,,,,,,,,,,,,,,,,
"Carlos Boozer",,,,,2174,,,,6921,,,,10950,12245,13301,13976,13976,13976,13976,13976,13976,13976,13976,13976,13976
"Carmelo Anthony",,1725,3283,5405,7286,9264,10768,12711,14681,15926,17846,19958,20924,22497,24156,25417,25551,26314,27370,28289,28289,28289,28289,28289,28289
"Charles Barkley",,,,,2174,3713,5684,7805,9856,11906,13513,15396,16893,18389,20112,21451,22545,22888,23755,23757,23757,23757,23757,23757,23757
"Chauncey Billups",,,,,,,,,,,,,,,12612,14039,15247,15546,15730,15802,15802,15802,15802,15802,15802
"Chet Walker",,,,,,,,,,,,10410,12196,13859,15365,17098,18487,18820,18820,18820,18820,18820,18820,18820,18820
"Chris Bosh",,704,1930,3773,5089,6577,8324,10090,11513,12494,13819,15082,16179,17189,17189,17189,17189,17189,17189,17189,17189,17189,17189,17189,17189
"Chris Mullin",,,,,,,,,7355,9462,11536,12727,13767,14243,14977,16120,17047,17554,17796,17911,17911,17911,17911,17911,17911
"Chris Paul",,,1258,2362,4046,5827,6668,7936,9125,10311,11496,13060,14506,15610,16691,17597,18711,19882,20936,21413,21413,21413,21413,21413,21413
"Chris Webber",,,900,1849,2774,3733,5250,6050,7937,9680,11096,12667,13209,14633,15984,16911,17181,17182,17182,17182,17182,17182,17182,17182,17182
"Chuck Person",,,,,,,4610,6125,7599,9096,10405,11299,12171,13044,13044,13453,13756,13858,13858,13858,13858,13858,13858,13858,13858
"CJ McCollum",,,,,,,,,,,,9971,11341,12406,12406,,,,,,,,,,
"Clarence Weatherspoon",,,,,,,,5459,,,,,,,,,,,,,,,,,
"Clark Kellogg",,,,1625,3131,4563,4898,,,,,,,,,,,,,,,,,,
"Cliff Hagan",,,,,,,,,,,,,,,,,13447,13447,,,,,,,
"Cliff Robinson",,807,1955,3114,4533,5786,6827,8225,9266,10220,10794,10794,10794,,,,,,,,,,,,
"Clifford Robinson",,,,,,,,,,,,,,11538,12660,14259,15525,16617,17578,18499,18938,19426,19591,19591,19591
"Clyde Drexler",,,,,,3394,5176,7361,9484,11187,12954,14857,15833,17136,18789,19794,20908,22195,22195,22195,22195,22195,22195,22195,22195
"Coby White",,612,1267,2415,3061,,,,,,,,,,,,,,,,,,,,
"Cole Anthony",,,568,1667,2112,,,,,,,,,,,,,,,,,,,,
"Collin Sexton",,558,1987,2876,4356,4808,4949,,,,,,,,,,,,,,,,,,
"Corey Maggette",,40,688,1403,2142,3223,4728,6135,6736,8057,9555,10528,11945,12623,13103,13198,13198,,,,,,,,
"D'Angelo Russell",,678,1649,2449,3970,5338,5917,7175,8471,8471,,,,,,,,,,,,,,,
"Daequan Cook",,,518,1204,,,,,,,,,,,,,,,,,,,,,
"Daishen Nix",,30,,,,,,,,,,,,,,,,,,,,,,,
"Dajuan Wagner",,478,756,,,,,,,,,,,,,,,,,,,,,,
"Dale Ellis",,,,,,,,,,,,,,,12744,13914,14832,16036,17397,18331,18826,19004,19004,19004,19004
"Damian Lillard",,,,,,3257,4977,6856,8880,10842,12909,14586,16815,17510,18805,18805,18805,18805,18805,18805,18805,18805,18805,18805,18805
"Dan Issel",,,,,,,,,,,,,,,,,,13675,14659,14659,14659,14659,14659,14659,14659
"Danilo Gallinari",,,,1391,2361,,,,,,,,,,,,,,,,,,,,
"Danny Granger",,,,,,,,,,8143,9298,,,,,,,,,,,,,,
"Dante Exum",,393,,,,,,,,,,,,,,,,,,,,,,,
"Darius Bazley",,238,1096,1841,,,,,,,,,,,,,,,,,,,,,
"Darius Garland",,567,857,2495,4010,4178,,,,,,,,,,,,,,,,,,,
"Darius Miles",,761,1540,2158,3019,3828,4387,,,,,,,,,,,,,,,,,,
"Darko Miličić",48,115,,,,,,,,,,,,,,,,,,,,,,,
"Darrell Griffith",,,,,,3253,4962,6598,8362,8362,9504,10093,11228,11961,12391,,,,,,,,,,
"Darryl Dawkins",36,173,708,1564,2857,4039,4866,,,,,,,,,,,,,,,,,,
"Dave Bing",,,,,,,,5810,7703,9384,10778,12524,14136,15394,16788,17387,18329,18329,18329,18329,18329,18329,18329,18329,18329
"Dave Cowens",,,,,,,4648,6063,7406,8904,9726,11209,12382,13191,13191,13191,13515,13515,13515,13515,13515,13515,,,
"Dave DeBusschere",,,,,,,,,,,,,,11564,12816,14051,14051,14051,14051,14051,14051,14051,14051,14051,14051
"David Robinson",,,,,,,,,,,9971,12209,14260,14366,15940,16715,18142,19293,20244,20790,20790,20790,20790,20790,20790
"David Thompson",,,,,2125,4299,6124,6963,8930,9836,11026,11266,11266,,,,,,,,,,,,
"David West",,,,,,,,,,,,,,,,,,,13539,14034,14034,14034,14034,14034,14034
"De'Aaron Fox",,273,1408,2426,3320,5398,6750,7304,7304,,,,,,,,,,,,,,,,
"Deandre Ayton",,,1159,1729,2846,3843,4707,,,,,,,,,,,,,,,,,,
"DeJuan Blair",,,638,1312,,,,,,,,,,,,,,,,,,,,,
"DeMar DeRozan",,,662,2072,3126,4611,6402,7606,9436,11456,13296,14931,16372,17751,19869,21164,21164,21164,21164,21164,21164,21164,21164,21164,21164
"DeMarcus Cousins",,,1143,2303,3583,5197,6618,8366,10308,11518,12006,12006,12372,12802,12802,12802,,,,,,,,,
"Deni Avdija",,47,605,1326,,,,,,,,,,,,,,,,,,,,,
"Dennis Johnson",,,,,,,,,,,,,11037,12250,13312,14283,15004,15535,15535,15535,15535,15535,15535,15535,15535
"Dennis Schröder",,,,,,3244,4545,5769,6998,7940,,,,,,,,,,,,,,,
"Dennis Smith Jr.",,243,1274,1826,,,,,,,,,,,,,,,,,,,,,
"Derek Harper",,,,,,,,,,,,,,,12312,13231,14380,15133,15699,16008,16008,16008,16008,16008,16008
"Deron Williams",,,,,2161,3706,5028,6447,7756,8910,10386,11301,12185,13103,13804,13804,13804,13804,13804,13804,13804,13804,13804,13804,13804
"Derrick Favors",,533,1103,1830,2800,3987,5003,5479,,,,,,,,,,,,,,,,,
"Derrick McKey",,,,,,3253,4368,,,,,,,,,,,,,,,,,,
"Derrick Rose",,,1361,2980,5006,5858,5858,6017,6921,8001,9155,,,,,,,,,,,,,,
"Derrick Williams",,,583,1516,2140,,,,,,,,,,,,,,,,,,,,
"DeSagana Diop",,16,,,,,,,,,,,,,,,,,,,,,,,
"DeShawn Stevenson",,77,,,,,,,,,,,,,,,,,,,,,,,
"Detlef Schrempf",,,,,,,,,,,,,,,,,13766,14331,15381,15657,15761,15761,15761,15761,15761
"Devin Booker",14,1087,2897,4231,5911,7683,9481,11363,12022,12022,12022,12022,12022,12022,,,,,,,,,,,
"Devin Vassell",,,,1213,,,,,,,,,,,,,,,,,,,,,
"Deyonta Davis",,38,,,,,,,,,,,,,,,,,,,,,,,
"Dick Barnett",,,,,,,,,,,,,,,,12908,14181,15145,15337,15359,15359,15359,15359,15359,15359
"Dick Van Arsdale",,,,,,,,,,7797,9465,10907,12308,13500,14470,14920,15079,15079,15079,15079,15079,15079,15079,15079,15079
"Dion Waiters",,,,,2189,3173,,,,,,,,,,,,,,,,,,,
"Dirk Nowitzki",,,,1820,3604,5383,7394,9074,11106,13257,15173,16990,19084,21111,22792,24134,25051,26786,28119,29491,30260,31187,31560,31560,31560
"Dolph Schayes",,,,,2191,,4322,5654,6985,8461,10078,11869,13403,15092,16960,17782,18409,18543,18543,18543,18543,18543,18543,18543,18543
"Domantas Sabonis",,,479,1340,2383,3530,4609,5961,6909,,,,,,,,,,,,,,,,
"Dominick Barlow",,18,,,,,,,,,,,,,,,,,,,,,,,
"Dominique Wilkins",,,,,,,,6354,8549,10802,13339,15378,17509,19773,20526,22724,24649,25387,25898,26532,26532,26666,26666,26666,26666
"Donovan Mitchell",,,,1616,3445,5100,6501,8234,9466,9466,9466,,,,,,,,,,,,,,
"Dorell Wright",,18,,,,,,,,,,,,,,,,,,,,,,,
"Dragan Bender",30,234,681,,,,,,,,,,,,,,,,,,,,,,
"Dwight Howard",179,1243,2619,4210,5840,7397,8936,10322,11810,13084,14216,14876,15952,16999,18114,18274,18631,19226,19485,19485,19485,19485,19485,19485,19485
"Dwyane Wade",,,,,,3857,5751,7016,8629,10977,12970,14084,15647,17011,18145,19513,20919,21748,22537,23165,23165,23165,23165,23165,23165
"Dyson Daniels",,176,,,,,,,,,,,,,,,,,,,,,,,
"Džanan Musa",,19,,,,,,,,,,,,,,,,,,,,,,,
"Earl Monroe",,,,,,,4438,6307,7796,8709,9622,10577,12123,13735,15177,16323,17076,17454,17454,17454,17454,17454,17454,17454,17454
"Ed Macauley",,,,,2467,3724,5128,6490,7740,8978,10167,11186,11251,,,,,,,,,,,,
"Eddie Griffin",,642,1306,1306,,,,,,,,,,,,,,,,,,,,,
"Eddie Johnson",,,,,,,,5981,7511,9027,10321,11825,12905,14259,15645,16822,17658,17658,18133,18557,19190,19202,19202,19202,19202
"Eddie Jones",,,,,,,,,,,,,,,,,13486,13979,14155,14155,14155,14155,14155,14155,14155
"Eddy Curry",57,614,1585,2561,3543,4725,6234,6750,6776,,,,,,,,,,,,,,,,
"Elfrid Payton",,,,1275,2232,3189,,,,,,,,,,,,,,,,,,,
"Elgin Baylor",,,,,,,,,,8176,10895,12878,14887,15966,17828,19828,21709,23007,23027,23133,23133,23133,23133,23133,23133
"Elton Brand",,,1138,2788,4245,5545,6761,8292,10208,11871,12312,12852,13646,14804,15448,16179,16551,16722,16765,16827,16827,16827,16827,16827,16827
"Elvin Hayes",,,,,,,5097,7322,9284,10956,12748,14555,16173,18040,19737,21546,23441,24664,25988,26957,27311,27311,27311,27311,27311
"Emmanuel Mudiay",,556,1400,1913,2689,3252,,,,,,,,,,,,,,,,,,,
"Enes Freedom",,304,810,1797,2960,3998,5031,6031,6946,,,,,,,,,,,,,,,,
"Eric Gordon",,264,1584,2960,3544,3729,4843,5544,6690,,,9837,,,,,,,,,,,,,
"Eric Money",,195,837,1750,2930,4292,4998,,,,,,,,,,,,,,,,,,
"Ersan İlyasova",,402,,,,,,,,,,,,,,,,,,,,,,,
"Evan Mobley",,,1034,1863,,,,,,,,,,,,,,,,,,,,,
"Frank Jackson",,,495,,,,,,,,,,,,,,,,,,,,,,
"Frank Ntilikina",,463,709,,,,,,,,,,,,,,,,,,,,,,
"Franz Wagner",,,1197,2246,2246,,,,,,,,,,,,,,,,,,,,
"Fred Brown",,,,,,,,,,,,,,,,,13416,14018,14018,14018,14018,14018,14018,14018,14018
"Gail Goodrich",,,,,,,,,,,9620,11434,13510,15140,16599,16939,18243,19181,19181,19181,19181,19181,19181,19181,19181
"Gary Payton",,,,,,,,,,,,10419,11503,13485,15308,17123,18757,19956,20829,21455,21813,21813,21813,21813,21813
"Gary Trent Jr.",,14,,,,3454,,,,,,,,,,,,,,,,,,,
"Geoff Petrie",,,,,,3163,5133,6904,8371,9734,9734,,,,,,,,,,,,,,
"George Gervin",,,,,,,,,,9077,11298,13849,15892,17859,19383,20708,20708,20708,20708,20708,20708,20708,20708,20708,20708
"George Mikan",,,,,,,,,,,,9830,,,,,,,,,,,,,
"Georgios Papagiannis",,124,,,,,,,,,,,,,,,,,,,,,,,
"Gerald Green",,,511,,,,,,,,,,,,,,,,,,,,,,
"Gerald Wallace",,173,,,,,,,,,,,,,,,,,,,,,,,
"Giannis Antetokounmpo",68,770,1874,3330,5364,7345,9427,10602,12899,14927,15706,15706,15706,15706,15706,15706,15706,15706,15706,15706,15706,15706,15706,15706,15706
"Gilbert Arenas",,,1007,2329,3712,5956,8445,9754,9827,10575,11027,11330,11402,,,,,,,,,,,,
"Glen Rice",,,,,,,,5709,7417,9248,10958,13073,14899,15371,16643,17542,17714,18270,18336,18336,18336,18336,18336,18336,18336
"Glenn Robinson",,,,,2440,4125,5873,6412,8035,9668,11211,12687,13725,14144,14234,14234,14234,14234,14234,14234,14234,14234,14234,14234,14234
"Gordon Hayward",,,,,,3207,4765,6253,7905,8079,,,,,,,,,,,,,,,
"Grant Hill",,,,,,,4722,6434,7487,9393,9448,,,,,,,13592,14577,15489,16545,17044,17137,17137,17137
"Greg Monroe",,,751,1766,3064,4313,5411,6621,7572,8096,,,,,,,,,,,,,,,
"Gus Williams",,,,,,,,,,,,9844,11341,12919,13955,14093,14093,14093,14093,14093,14093,14093,14093,14093,14093
"Ha Seung-Jin",,26,,,,,,,,,,,,,,,,,,,,,,,
"Hakeem Olajuwon",,,,,2651,4015,5785,7769,9768,11579,12720,14481,16709,18882,20902,22706,23813,24422,25586,26119,26770,26946,26946,26946,26946
"Hal Greer",,,,,,,,,,8277,9690,11509,13275,15252,17148,18910,20418,21377,21591,21591,21591,21591,21591,21591,21591
"Harrison Barnes",,,748,1486,2313,,4605,6057,7322,8263,9301,10566,11366,,,,,,,,,,,,
"Henry Ellenson",,16,,,,,,,,,,,,,,,,,,,,,,,
"Hersey Hawkins",,,,,,,4478,6014,7657,8837,10009,11290,12429,13291,13807,14287,14470,14470,14470,14470,14470,14470,14470,14470,14470
"Ike Anigbogu",,13,,,,,,,,,,,,,,,,,,,,,,,
"Isaac Bonga",,52,,,,,,,,,,,,,,,,,,,,,,,
"Isaac Okoro",,100,948,1521,,,,,,,,,,,,,,,,,,,,,
"Isaiah Jackson",,17,506,,,,,,,,,,,,,,,,,,,,,,
"Isaiah Stewart",,537,1126,1624,,,,,,,,,,,,,,,,,,,,,
"Isiah Thomas",,,1225,3079,4827,6547,8156,9827,11404,12862,14354,15130,16575,17966,18822,18822,18822,18822,18822,18822,18822,18822,18822,18822,18822
"Ivica Zubac",,228,,,,,,,,,,,,,,,,,,,,,,,
"J.J. Hickson",,,,,2039,,,,,,,,,,,,,,,,,,,,
"J.R. Smith",,782,1205,2024,2931,4164,5320,6289,6725,8171,9242,10089,11044,,,,,,,,,,,,
"Ja Morant",,,1155,2397,3961,5196,5196,,,,,,,,,,,,,,,,,,
"Jabari Parker",,308,1126,2403,2592,3545,,,,,,,,,,,,,,,,,,,
"Jabari Smith Jr.",,604,604,,,,,,,,,,,,,,,,,,,,,,
"Jack Marin",,,,,,,,,,8015,9537,10373,11326,12173,12538,,,,,,,,,,
"Jack Sikma",,,,,,,,,,8026,9538,10786,12115,13162,14477,15564,16563,17285,17285,17285,17285,17285,17285,17285,17285
"Jack Twyman",,,,,2220,3457,5312,7650,9647,11478,13064,14147,15305,15848,15848,15848,15848,15848,15848,15848,15848,15848,15848,15848,15848
"Jaden Ivey",,,776,,,,,,,,,,,,,,,,,,,,,,
"Jahlil Okafor",,426,1172,1528,,,,,,,,,,,,,,,,,,,,,
"Jahmi'us Ramsey",,40,,,,,,,,,,,,,,,,,,,,,,,
"Jalen Duren",82,389,,,,,,,,,,,,,,,,,,,,,,,
"Jalen Green",,558,2238,2238,2238,,,,,,,,,,,,,,,,,,,,
"Jalen Johnson",,14,,,,,,,,,,,,,,,,,,,,,,,
"Jalen Rose",,,,,,,,,,,,,,,12768,13185,13220,,,,,,,,
"Jalen Suggs",,,564,,,,,,,,,,,,,,,,,,,,,,
"Jamaal Wilkes",,,,1164,2625,3968,4628,6152,7796,9623,11357,12926,14220,14567,14642,14642,14642,14642,14642,14642,14642,14642,14642,14642,14642
"Jamal Crawford",,,,,,,,,,,8909,10265,11411,12200,13460,14804,15928,16879,17925,18791,19261,19414,19419,19419,19419
"Jamal Mashburn",,,,1790,3728,3954,4922,,,,,,11248,11644,,,,,,,,,,,
"Jamal Murray",,497,1750,3106,4400,5206,5639,6549,,,,,,,,,,,,,,,,,
"James Edwards",,,,,,,,,,,,,,,,,,13580,14178,14488,14706,14772,14864,14864,14864
"James Harden",,,753,1751,2795,4818,6669,8886,11262,13618,15809,18627,20962,22045,23477,24233,24233,24233,24233,24233,24233,24233,24233,24233,24233
"James Wiseman",,390,,,,,,,,,,,,,,,,,,,,,,,
"James Worthy",,,,,,3255,4691,6209,7659,9300,10976,12674,14257,15038,16033,16313,16313,16313,16313,16313,16313,16313,16313,16313,16313
"James Young",,105,,,,,,,,,,,,,,,,,,,,,,,
"Jaren Jackson Jr.",,798,1788,1946,3218,3839,,,,,,,,,,,,,,,,,,,
"Jarred Vanderbilt",,20,,,,,,,,,,,,,,,,,,,,,,,
"Jarrett Allen",,587,1460,2141,2857,3945,4647,,,,,,,,,,,,,,,,,,
"Jason Kidd",,,,,,,,,,,,,,,12548,13595,14436,15234,15999,16712,16985,17478,17529,17529,17529
"Jason Richardson",,,,1750,3084,4539,6294,7487,8819,10298,11588,12966,13618,14472,14472,14472,14644,14644,14644,14644,14644,14644,14644,14644,14644
"Jason Terry",,,,,,,,,,,8898,10248,11517,12964,14244,15537,16487,17286,17445,17986,18408,18715,18881,18881,18881
"Javaris Crittenton",,28,,,,,,,,,,,,,,,,,,,,,,,
"Jaxson Hayes",,420,921,1575,,,,,,,,,,,,,,,,,,,,,
"Jay Vincent",,,,,,3244,,,,,,,,,,,,,,,,,,,
"Jaylen Brown",,,567,1569,2504,3655,5140,6719,7911,7911,,,,,,,,,,,,,,,
"Jayson Tatum",,835,2132,3646,4648,7146,9218,9218,9218,9218,9218,,,,,,,,,,,,,,
"Jeff Green",,,,,2128,3367,4365,,,,,,,,,,,,13534,13534,13534,13534,13534,13534,13534
"Jeff Hornacek",,,,,,,,,,,,,,,,12980,14119,14696,15659,15659,15659,15659,15659,15659,15659
"Jeff Malone",,,,,,,,5973,7614,9265,11085,12367,14006,15435,16697,17047,17233,17233,17233,17233,17233,17233,17233,17233,17233
"Jeff Mullins",,,,,,,,,,,,,11007,12289,12824,12912,13019,,,,,,,,
"Jeremy Sochan",,445,,,,,,,,,,,,,,,,,,,,,,,
"Jermaine O'Neal",185,454,544,,,3229,4829,6395,7463,8487,9826,10397,11302,12252,12381,,,,,,,,,,
"Jerry Lucas",,,,,,,,,,,9064,10074,11609,12892,13594,14052,14052,14052,14052,14052,14052,14052,14052,14052,14052
"Jerry Stackhouse",,,,1407,3083,4312,4962,6961,9351,10931,12375,12764,13570,14302,15117,15714,15749,16110,16119,16227,16409,16409,16409,16409,16409
"Jerry West",,,,,,3700,5192,7256,9548,12024,13916,15259,16839,19148,21007,22992,24567,25197,25197,25197,25197,25197,25197,25197,25197
"Jim Browne",3,41,,,,,,,,,,,,,,,,,,,,,,,
"Jim Paxson",,,,,,,,,6827,8045,9026,9900,,,,,,,,,,,,,
"Jimmy Butler",,,,,,,,,,,,,,,12222,13077,13077,,,,,,,,
"Jimmy Walker",,,,,,,,,,,,,,11655,,,,,,,,,,,
"Jo Jo White",,,,,,,,,,,8987,10560,12120,12808,13762,14399,14399,14399,14399,14399,14399,14399,14399,14399,14399
"Joe Barry Carroll",,,,,,,4743,6380,,8057,9777,10753,11655,12416,12453,,,,,,,,,,
"Joe Dumars",,,,,,,,,,,,10455,11865,13079,13872,15030,15973,16401,16401,16401,16401,16401,16401,16401,16401
"Joe Graboski",66,279,,,,,,,,,,,,,,,,,,,,,,,
"Joe Johnson",,,581,1384,2751,4151,5804,7230,9009,10697,12316,13628,14757,15927,17172,18326,19318,20033,20405,20405,20405,20405,20407,20407,20407
"Joe Smith",,,1251,2744,3899,4487,5261,6108,6875,,,,,,,,,,,,,,,,
"Joel Embiid",,,,,,,,,,8098,9872,9872,,,,,,,,,,,,,
"Johan Petro",,95,630,,,,,,,,,,,,,,,,,,,,,,
"John Collins",,,777,1965,2850,3961,4837,5458,,,,,,,,,,,,,,,,,
"John Drew",,,1442,3102,4892,6515,8310,9869,11323,12621,13553,14983,15291,15291,15291,15291,15291,15291,15291,15291,15291,15291,15291,15291,15291
"John Havlicek",,,,,,,,5443,7175,8877,10648,12608,14946,17198,19100,20816,22389,23612,25015,26345,26395,26395,26395,26395,26395
"John Stockton",,,,,,,,,,,,,,,,13129,14291,15082,15523,16606,17563,18623,19606,19711,19711
"John Wall",,,1131,2207,3113,4696,6083,7614,9419,10216,10879,10879,11702,11702,,,,,,,,,,,
"John Williams",,,718,1765,2885,3212,,,,,,,,,,,,,,,,,,,
"Johnny Davis",,,,,,,4318,,6740,,,,,,,,,,,,,,,,
"Jonas Valančiūnas",,,554,1470,2433,3201,,,,,,,,,,,,,,,,,,,
"Jonathan Bender",20,167,512,,,,,,,,,,,,,,,,,,,,,,
"Jonathan Kuminga",,652,1010,,,,,,,,,,,,,,,,,,,,,,
"Jonny Flynn",,,707,1224,,,,,,,,,,,,,,,,,,,,,
"Jordan Farmar",,71,,1196,,,,,,,,,,,,,,,,,,,,,
"Jordan Poole",,,503,,2520,3626,,,,,,,,,,,,,,,,,,,
"Josh Christopher",,43,637,,,,,,,,,,,,,,,,,,,,,,
"Josh Giddey",,674,1472,1472,,,,,,,,,,,,,,,,,,,,,
"Josh Jackson",,,589,1644,,,,,,,,,,,,,,,,,,,,,
"Josh Okogie",,,570,,,,,,,,,,,,,,,,,,,,,,
"Josh Smith",66,851,1799,3066,4251,5560,6843,7805,9253,10643,11886,12767,12994,12996,12996,12996,12996,,,,,,,,
"Joshua Primo",16,316,,,,,,,,,,,,,,,,,,,,,,,
"Jrue Holiday",,587,1732,2611,3994,4481,5073,6162,7191,8728,10148,11224,12361,13586,14408,14408,14408,14408,14408,14408,14408,14408,14408,14408,14408
"JT Thor",,67,,,,,,,,,,,,,,,,,,,,,,,
"Julius Erving",,,,,,,,,,,,,,,12343,13884,15595,16916,18101,18364,18364,18364,18364,18364,18364
"Julius Randle",,,,,2138,3618,5080,6032,8128,9602,10572,10572,,,,,,,,,,,,,
"Justise Winslow",,442,698,,,,,,,,,,,,,,,,,,,,,,
"Juwan Howard",,,,,,3771,5370,5679,7056,8404,9616,10985,12429,13404,14096,14967,15310,15462,15780,16046,16102,16138,16159,16159,16159
"Kareem Abdul-Jabbar",,,,,2361,4957,7779,10071,12262,14211,16486,18638,20238,22141,24175,26270,28028,29779,31527,33262,35108,36446,37575,38340,38387
"Karl Malone",,,,,,,5250,7576,10116,12498,14770,16987,19050,21237,23343,25592,27782,28946,31041,32919,34707,36374,36928,36928,36928
"Karl-Anthony Towns",,141,1702,3839,5616,7419,8113,9618,11468,11606,11606,11606,11606,11606,,,,,,,,,,,
"Kawhi Leonard",,,507,1196,2040,,4620,6508,,8250,9620,11085,11085,11770,,,,,,,,,,,
"Keldon Johnson",,,,,2313,3356,,,,,,,,,,,,,,,,,,,
"Kelly Oubre Jr.",,35,,,,,,,,,,,,,,,,,,,,,,,
"Kelly Tripucka",,,,,,,4412,5545,6959,8124,,,11063,11914,,,,,,,,,,,
"Kemba Walker",,,,,2254,3543,4618,6307,8137,9907,12009,13069,13929,14414,14486,14486,14486,14486,14486,14486,14486,14486,14486,14486,14486
"Kendrick Perkins",,24,,,,,,,,,,,,,,,,,,,,,,,
"Kenny Anderson",,,,,,,,,6668,,,,,,,,,,,,,,,,
"Kentavious Caldwell-Pope",,,,,2245,3355,,,,,,,,,,,,,,,,,,,
"Kenyon Martin Jr.",,,710,1522,,,,,,,,,,,,,,,,,,,,,
"Keon Johnson",,105,,,,,,,,,,,,,,,,,,,,,,,
"Kevin Durant",,1624,3495,5967,8128,9978,12258,14851,15537,17566,19121,20913,22940,22940,23883,25526,26684,26684,26684,26684,26684,26684,26684,26684,26684
"Kevin Garnett",,835,2144,3662,4639,6496,8280,9994,11877,13864,15681,17337,19041,20378,21277,22267,23323,24270,25274,25626,25949,26071,26071,26071,26071
"Kevin Huerter",,,727,1411,2233,,,,,,,,,,,,,,,,,,,,
"Kevin Johnson",,,,,,3384,5278,6911,7697,8884,9806,10720,12051,12865,13087,13087,13127,,,,,,,,
"Kevin Knox",,963,1382,1545,,,,,,,,,,,,,,,,,,,,,
"Kevin Love",,,899,1741,3217,4649,4979,6989,8217,9451,10593,11632,12006,12993,13298,14305,14652,14652,14652,14652,14652,14652,14652,14652,14652
"Kevin Martin",,,,,,,,,,,,,,,12277,,,,,,,,,,
"Kevin McHale",,,,,,,,,,,,,11588,13213,14976,15956,16872,17334,17334,17334,17334,17334,17334,17334,17334
"Kevin Porter Jr.",,498,913,1878,2645,,,,,,,,,,,,,,,,,,,,
"Kevin Willis",,,,,,,,,,,,,,,,,13243,14548,15052,15656,16378,16693,16990,17154,17241
"Khris Middleton",,,,,,,,,,,,,11136,,,,,,,,,,,,
"Kiki Vandeweghe",,,,,,,4534,6829,8445,10407,12529,13276,13775,14033,15259,15726,15980,15980,15980,15980,15980,15980,15980,15980,15980
"Killian Hayes",,176,629,,,,,,,,,,,,,,,,,,,,,,
"Kira Lewis Jr.",,221,484,,,,,,,,,,,,,,,,,,,,,,
"Klay Thompson",,,,,,,4750,6368,8180,9919,11454,11995,11995,12195,13541,13541,13541,13541,13541,13541,13541,13541,13541,13541,13541
"Kobe Bryant",539,1759,2755,4240,6178,8197,10658,12215,14034,16866,19296,21619,23820,25790,27868,29484,31617,31700,32482,33643,33643,33643,33643,33643,33643
"Kosta Koufos",,224,,,,,,,,,,,,,,,,,,,,,,,
"Kris Humphries",,92,,,,,,,,,,,,,,,,,,,,,,,
"Kristaps Porziņģis",,,1028,2224,3312,3312,4332,,,,,,,,,,,,,,,,,,
"Kwame Brown",,108,713,1503,,,,,,,,,,,,,,,,,,,,,
"Kyle Lowry",,,,,,,,,,,,,,,12281,13381,14124,15004,15644,15644,15644,15644,15644,15644,15644
"Kyrie Irving",,760,2071,3623,5210,6239,8002,9698,11134,11842,12713,13820,15173,15173,15173,15173,15173,15173,15173,15173,15173,15173,15173,15173,15173
"Lamar Odom",,71,1317,2605,2942,3699,5070,6033,7283,8078,9212,10121,11029,12119,12462,12781,,,,,,,,,
"LaMarcus Aldridge",,,,,,3385,4778,6547,7738,9298,10901,12562,13893,15136,16871,18598,19599,19951,20558,20558,20558,20558,20558,20558,20558
"LaMelo Ball",,803,2311,2964,2964,,,,,,,,,,,,,,,,,,,,
"Larry Bird",,,,,,,,5709,7583,9512,11775,13833,15845,17899,18302,20078,21299,21791,21791,21791,21791,21791,21791,21791,21791
"Larry Hughes",,,895,2268,3073,3953,5021,6125,7203,,,,,,,,,,,,,,,,
"Larry Johnson",,,,,,,,,7041,8141,9195,,,,,,,,,,,,,,
"Larry Nance",,,,,,,,,,,,,,12112,13451,14898,15567,15687,15687,15687,15687,15687,15687,15687,15687
"Latrell Sprewell",,,,,,,4322,5795,7733,8032,,10162,11526,13101,14316,15691,16712,16712,16712,16712,16712,16712,16712,16712,16712
"Lauri Markkanen",,,1033,2007,2744,3439,4339,5579,,,,,,,,,,,,,,,,,
"LeBron James",625,2362,4649,7067,9188,11514,13927,16081,17460,19771,21819,23901,25657,27544,29759,31966,33347,34332,36038,37813,38390,38390,38390,38390,38390
"Lenny Wilkens",,,,,,,,,,,,,,,,13264,14666,16254,17405,17775,17775,17775,17775,17775,17775
"Lonnie Shelton",,,,,2241,3225,4311,,,,,,,,,,,,,,,,,,
"Lonzo Ball",,46,587,,,,,,,,,,,,,,,,,,,,,,
"Lou Hudson",,,,,,,,5845,7884,9783,11810,13461,13703,15078,16046,17169,17937,17937,17937,17937,17937,17937,17937,17937,17937
"Lou Williams",,56,,1238,2277,3175,,,,,,,,11890,13371,14490,15248,15593,15593,15593,15593,15593,15593,15593,15593
"Luka Dončić",,1194,2876,4168,6384,8531,8531,8531,8531,8531,,,,,,,,,,,,,,,
"Luol Deng",,711,1754,3348,4427,5123,6353,7783,8569,9843,10859,11866,12777,13202,13204,13361,13361,13361,,,,,,,
"Maciej Lampe",6,150,,,,,,,,,,,,,,,,,,,,,,,
"Magic Johnson",,,1387,2185,3632,4958,6136,7542,8896,10805,12213,13943,15708,17239,17239,17239,17239,17239,17707,17707,17707,17707,17707,17707,17707
"Mahmoud Abdul-Rauf",,,,,,,4356,5596,6973,,,,,,,,,,,,,,,,
"Malaki Branham",,327,,,,,,,,,,,,,,,,,,,,,,,
"Malik Beasley",,18,,,,,,,,,,,,,,,,,,,,,,,
"Malik Monk",,190,938,1510,,,,,,,,,,,,,,,,,,,,,
"Manu Ginóbili",,,,,,,,,,,,,,,,,,,,,,,14043,14043,14043
"Mark Aguirre",,,,,,3519,5756,7790,9417,11424,13307,14764,15907,16959,17667,18192,18458,18458,18458,18458,18458,18458,18458,18458,18458
"Mark Olberding",,,853,1499,2252,,,,,,,,,,,,,,,,,,,,
"Markelle Fultz",,100,,,,,,,,,,,,,,,,,,,,,,,
"Marques Johnson",,,,,2963,4789,6307,7090,8783,10264,11662,13124,13852,13852,13852,13892,13892,13892,13892,13892,13892,13892,13892,13892,13892
"Marquese Chriss",,753,1309,1491,2039,,,,,,,,,,,,,,,,,,,,
"Marquis Teague",,73,,,,,,,,,,,,,,,,,,,,,,,
"Martell Webster",36,533,1193,1777,,,,,,,,,,,,,,,,,,,,,
"Marvin Bagley III",,652,1108,1609,2122,,,,,,,,,,,,,,,,,,,,
"Marvin Williams",,672,1511,2696,3541,4361,5037,5616,,,,,,,,,,,,,,,,,
"Maurice Harkless",,625,1217,1375,,,,,,,,,,,,,,,,,,,,,
"Max Christie",,124,,,,,,,,,,,,,,,,,,,,,,,
"Max Zaslofsky",,,,,2040,3340,4406,,,,,,,,,,,,,,,,,,
"Metta World Peace",,48,935,1773,2620,3722,5003,,,,,,,,,12755,,,,,,,,,
"Michael Beasley",,429,1659,3042,3770,4528,5215,,,,,,,,,,,,,,,,,,
"Michael Finley",,,,,,,,,,8384,9806,11501,12708,13693,14485,15233,16091,16873,17197,17306,17306,17306,17306,17306,17306
"Michael Jordan",,,,1411,2387,4538,7415,10288,12908,15519,18073,20589,21541,21541,23544,26057,28441,29277,29277,29277,30492,31621,32292,32292,32292
"Michael Kidd-Gilchrist",,704,1152,1750,,,,,,,,,,,,,,,,,,,,,
"Michael Redd",,,,,,,,5520,7548,8964,10596,11295,11510,11554,,,,,,,,,,,
"Mickey Johnson",,,,,,,,,,,,,,,,12749,,,,,,,,,
"Mike Bibby",,,662,1852,3153,4251,5126,6632,8203,9931,11334,12001,13177,13907,14595,14698,14698,14698,14698,14698,14698,14698,14698,14698,14698
"Mike Conley",,,498,1393,2352,3459,,,6671,,,10050,,11733,12408,13235,14221,14682,14682,14682,14682,14682,14682,14682,14682
"Mike Miller",,,496,1725,2737,3527,,,,7857,,,,,,,,,,,,,,,
"Mike Mitchell",,,,,,,,,7034,8653,10485,12402,13820,14179,15020,15020,15020,15020,15020,15020,15020,15020,15020,15020,15020
"Miles Bridges",,,,1440,,3663,,,,,,,,,,,,,,,,,,,
"Mitch Richmond",,,,,,,,,7104,8091,9914,11781,13653,15748,17371,18354,19639,20237,20497,20497,20497,20497,20497,20497,20497
"Monta Ellis",,,,1606,3242,3716,5347,7276,8457,10034,11594,13107,14228,14858,14858,14858,14858,14858,14858,14858,14858,14858,14858,14858,14858
"Moses Malone",,,,,2227,3960,6289,8495,10681,12753,14285,16308,18304,19755,21363,22995,24582,25593,26791,27014,27312,27407,27407,27407,27407
"Moses Moody",,228,,,,,,,,,,,,,,,,,,,,,,,
"Myles Turner",,505,1638,2554,3489,4255,4866,5485,,,,,,,,,,,,,,,,,
"Nassir Little",,149,,,,,,,,,,,,,,,,,,,,,,,
"Nate Thurmond",,,,,,,,,,,,,11037,12388,13195,13825,14171,14439,14439,14439,14439,14439,14439,14439,14439
"Nate Williams",,,,,,3172,,,,,,,,,,,,,,,,,,,
"Neal Walk",,,,,,,4630,6011,,,,,,,,,,,,,,,,,
"Neil Johnston",,,,,,,,,,8116,9480,9951,,,,,,,,,,,,,
"Nenê",,,839,1747,2275,,,,,,,,,,,,,,,,,,,,
"Nerlens Noel",,,744,1452,,,,,,,,,,,,,,,,,,,,,
"Nico Mannion",,28,,,,,,,,,,,,,,,,,,,,,,,
"Nicolas Batum",,123,,,,,,,,,,,,,,,,,,,,,,,
"Nikola Jokić",,,493,1593,2881,4544,6141,7228,9712,11525,11525,11525,11525,11525,,,,,,,,,,,
"Nikola Jović",,82,,,,,,,,,,,,,,,,,,,,,,,
"Nikola Vučević",,,,,,,,,,,,,11305,12608,13524,13524,13524,13524,13524,13524,13524,13524,13524,13524,13524
"Nikoloz Tskitishvili",,298,,,,,,,,,,,,,,,,,,,,,,,
"Noah Vonleh",,83,,,,,,,,,,,,,,,,,,,,,,,
"Norm Nixon",,,,,,,,,6747,7938,9329,10724,11703,11703,,,,,,,,,,,
"O.J. Mayo",,,,1619,3037,3751,4638,5876,,,,,,,,,,,,,,,,,
"Olumide Oyedeji",,45,,,,,,,,,,,,,,,,,,,,,,,
"Orlando Woolridge",,,,,,,,,,,,,,,12224,12821,13623,13623,13623,13623,13623,13623,13623,13623,13623
"Oscar Robertson",,,,,2719,5121,7363,9705,12098,14530,16655,18743,20710,22271,23907,24917,26130,26712,26712,26712,26712,26712,26712,26712,26712
"Otis Birdsong",,,,,,3600,5614,6752,7373,8412,9680,10869,11779,11906,12509,,,,,,,,,,
"Otis Thorpe",,,,,,,,,,7818,9253,10673,11596,12745,13682,14843,15879,16631,17185,17464,17602,17602,17602,17602,17602
"Ousmane Dieng",,79,,,,,,,,,,,,,,,,,,,,,,,
"Paolo Banchero",,259,971,,,,,,,,,,,,,,,,,,,,,,
"Patrick Ewing",,,,,,,,,,8169,10323,12293,14252,16191,18077,19788,21539,22079,22736,23665,24425,24815,24815,24815,24815
"Patrick Williams",,655,808,1358,,,,,,,,,,,,,,,,,,,,,
"Pau Gasol",,,,1441,2996,4377,5374,7002,8228,9474,11002,12192,13733,14862,15535,16576,18022,19209,20001,20776,20894,20894,20894,20894,20894
"Paul Arizin",,,,,,,,,,,,,11122,12728,14560,16265,16265,16265,16265,16265,16265,16265,16265,16265,16265
"Paul George",,,,1274,2651,4388,4441,6315,8090,9824,11983,12863,14175,15029,15967,15967,15967,15967,15967,15967,15967,15967,15967,15967,15967
"Paul Millsap",,,,,,,,,,,,,,11540,,12973,13720,14146,14503,14536,14536,14536,14536,14536,14536
"Paul Pierce",,,,,2218,4289,6433,8481,10317,12086,14202,15375,16945,18603,19899,21410,22591,24021,25031,25899,26316,26397,26397,26397,26397
"Paul Seymour",,77,,,,,,,,,,,,,,,,,,,,,,,
"Paul Westphal",,,,,,,,,,,9487,10959,11389,11720,12448,12809,,,,,,,,,
"Peja Stojaković",,,,,,,4314,5694,7658,8987,10277,10508,11771,12583,13367,13647,13647,13647,13647,13647,13647,13647,13647,13647,13647
"Pete Maravich",,,,,,,,,7327,9027,10631,12904,14256,15359,15948,15948,15948,15948,15948,15948,15948,15948,15948,15948,15948
"Phil Chenier",,,,1180,2592,4177,5764,7397,8943,9418,9655,9900,,,,,,,,,,,,,
"Purvis Short",,,,,,,,5652,7455,9637,11269,11890,13049,13531,14603,14603,14603,14603,14603,14603,14603,14603,14603,14603,14603
"Quentin Richardson",,,590,1654,2241,3346,4498,,,,,,,,,,,,,,,,,,
"Quintin Dailey",,,,,,3319,4390,,,,,,,,,,,,,,,,,,
"R.J. Hampton",,17,655,,,,,,,,,,,,,,,,,,,,,,
"Randy Smith",,,,,,,,,,,8998,11068,12719,14253,14984,15853,16268,16268,16268,16268,16268,16268,16268,16268,16268
"Rashad Vaughn",,217,,,,,,,,,,,,,,,,,,,,,,,
"Rashard Lewis",,47,721,1872,3067,4463,5884,7341,8909,10251,11727,13128,14141,14809,15026,15311,15579,15579,15579,15579,15579,15579,15579,15579,15579
"Rasheed Wallace",,,,,,,,,,,9008,10096,11241,12450,13376,14355,15150,15860,15860,15860,16006,16006,16006,16006,16006
"Ray Allen",,,,,2704,3560,5369,7175,8678,10391,11678,13545,15500,16954,18227,19661,20965,22286,22941,23804,24505,24505,24505,24505,24505
"Raymond Felton",,,,,2041,3181,4343,,,,,,,,,,,,,,,,,,
"Reggie Lewis",,,,,,,,,,7902,,,,,,,,,,,,,,,
"Reggie Miller",,,,,,,,5874,7569,9305,10879,12467,14073,15824,17402,18322,19792,21319,22623,23505,24305,25279,25279,25279,25279
"Reggie Theus",,,,1338,3017,4547,6055,8008,8753,10094,11597,13197,14771,16067,17505,19015,19015,19015,19015,19015,19015,19015,19015,19015,19015
"Rex Chapman",,,,1267,2212,3314,,,,,,,,,,,,,,,,,,,
"Richard Hamilton",,,,,,,,5881,7258,8805,10375,11730,12806,13706,14579,15048,15644,15708,15708,15708,15708,15708,15708,15708,15708
"Richard Jefferson",,,,,,3499,,5753,,8507,10114,11108,11999,12577,12753,13584,14016,14426,14874,14904,14904,14904,14904,14904,14904
"Richard Washington",,,,,2069,,,,,,,,,,,,,,,,,,,,
"Richie Guerin",,,,,,,,,,,,,,,12234,13424,14516,14516,14667,14674,14674,14674,14674,14674,14674
"Rick Barry",,,,2059,4834,4834,4834,,,,,,11026,12652,14366,16262,17436,18395,18395,18395,18395,18395,18395,18395,18395
"Ricky Davis",,209,,,,,,5502,7018,8392,9522,,,,,,,,,,,,,,
"Ricky Pierce",,,,,,,,,,,,,,,,,,,13657,14316,14467,14467,14467,14467,14467
"Rik Smits",,,,,,,,,,,,,,,,12871,,,,,,,,,
"RJ Barrett",,803,2067,3469,4454,4454,4454,,,,,,,,,,,,,,,,,,
"Robert Parish",,,,,,,,,,,,,,11814,13119,14523,15584,17070,18313,19520,20635,21629,22495,22884,23174
"Robert Swift",3,15,,,,,,,,,,,,,,,,,,,,,,,
"Rod Strickland",,,,,,,,,,,,,,,,,,13733,14053,14435,14463,14463,14463,14463,14463
"Rolando Blackman",,,,,,,,,6977,8684,10031,11582,13173,14757,16256,17099,17464,17622,17622,17622,17622,17622,17622,17622,17622
"Ron Harper",,,,,,,,,,,,,,,,,,13333,13840,13910,13910,13910,13910,13910,13910
"Ron Mercer",,,,1221,,,,,,,,,,,,,,,,,,,,,
"Rudy Gay",,,846,2478,3971,5538,6607,7839,9205,10662,12094,13298,13860,14515,15461,16187,16903,17349,17528,17528,17528,17528,17528,17528,17528
"Rudy Tomjanovich",,,,,,,,5432,7043,8538,10317,10823,12118,13053,13381,13381,13381,13381,,,,,,,
"Russell Westbrook",,73,1376,2736,4371,6065,7908,8874,10926,12876,15392,17353,19056,20412,22089,23480,24125,24125,24125,24125,24125,24125,24125,24125,24125
"Ryan Anderson",,,487,,,,,,,,,,,,,,,,,,,,,,
"Saddiq Bey",,,,,2173,,,,,,,,,,,,,,,,,,,,
"Sam Cassell",,,,,,,,,,,,,,,,,,,14442,15147,15635,15635,15635,15635,15635
"Sam Jones",,,,,,,,,,,,,,,,,14273,15413,15413,15413,15413,15413,15413,15413,15413
"Sam Perkins",,,,,,,,,,,,,,,,,,13726,14306,14544,15081,15323,15323,15323,15323
"Sasha Pavlović",,39,,,,,,,,,,,,,,,,,,,,,,,
"Scott Wedman",,,,,,,,,,,9004,,,,,,,,,,,,,,
"Scottie Barnes",,,1134,1949,,,,,,,,,,,,,,,,,,,,,
"Scottie Pippen",,,,,,,,,,,9302,10994,12490,14146,14987,15713,16735,17456,18115,18804,18940,18940,18940,18940,18940
"Sean Elliott",,,,,,,,,,7804,9106,,,,,,,,,,,,,,
"Sebastian Telfair",,460,1103,1582,2138,,,,,,,,,,,,,,,,,,,,
"Sekou Doumbouya",8,243,542,,,,,,,,,,,,,,,,,,,,,,
"Serge Ibaka",,,,1269,,,,,,,,,,,,,,,,,,,,,
"Shaedon Sharpe",,396,,,,,,,,,,,,,,,,,,,,,,,
"Shai Gilgeous-Alexander",,,889,2105,3050,4421,5959,5959,,,,,,,,,,,,,,,,,
"Shaquille O'Neal",,,1294,3500,5944,7481,9208,10324,11508,13971,16070,18060,19781,21475,23177,24372,25083,26004,27270,28255,28590,28596,28596,28596,28596
"Shareef Abdur-Rahim",,240,1946,3323,4880,6523,8194,9830,11514,12707,13640,14438,15028,15028,15028,15028,15028,15028,15028,15028,15028,15028,15028,15028,15028
"Shaun Livingston",,222,574,,,,,,,,,,,,,,,,,,,,,,
"Shawn Kemp",,84,629,1739,2939,4288,5754,7369,8964,10362,11590,12661,14043,14439,14915,15347,15347,15347,15347,15347,15347,15347,15347,15347,15347
"Shawn Marion",,,,,,3436,5152,6650,8219,9988,11391,12363,13254,14152,15151,15821,16633,17424,17700,17700,17700,17700,17700,17700,17700
"Sidney Moncrief",,,,,,,,,6723,8308,9779,10239,10842,11594,,,,,,,,,,,
"Sidney Wicks",,,,,,3917,5601,7379,8884,10122,11205,11976,12479,12805,12805,12805,,,,,,,,,
"Spencer Hawes",,334,1210,1933,2517,,,,,,,,,,,,,,,,,,,,
"Spencer Haywood",,,,,2594,4845,6606,8131,9680,10193,11113,12534,13270,13270,14279,14592,14592,14592,14592,14592,14592,14592,14592,14592,14592
"Stan Brown",50,50,,,,,,,,,,,,,,,,,,,,,,,
"Stanley Johnson",,593,932,1531,,,,,,,,,,,,,,,,,,,,,
"Stephen Curry",,,,,2487,3155,4531,6400,8275,10605,12682,14405,15994,16419,17472,20014,21183,21183,21183,21183,21183,21183,21183,21183,21183
"Stephon Marbury",,592,2028,2650,4686,6442,7830,9682,11392,13039,14433,15399,16209,16209,16297,16297,16297,16297,16297,16297,16297,16297,16297,16297,16297
"Steve Francis",,,,,,,,,6788,8367,9623,10133,,,,,,,,,,,,,
"Steve Nash",,,,,,,,,,,,,,,,,,14394,15540,16206,16946,17332,17387,17387,17387
"Steve Smith",,,,,,,,,,,,,,,12289,,13082,13417,,,,,,,
"Talen Horton-Tucker",,34,707,1375,,,,,,,,,,,,,,,,,,,,,
"Terrance Ferguson",,189,702,,,,,,,,,,,,,,,,,,,,,,
"Terry Cummings",,,,1419,3150,5058,6691,8380,9895,11742,13554,14817,15940,16366,16720,17159,17806,18164,18655,19030,19462,19462,19462,19462,19462
"Terry Dischinger",,,,,,3376,4570,,,,,,,,,,,,,,,,,,
"Terry Porter",,,,,,,,,,,,,10942,,,,13359,13816,14531,15143,15573,15586,15586,15586,15586
"Thaddeus Young",,610,1755,2681,3726,4534,5661,7078,8149,9251,10065,11020,12044,12703,13526,13848,14063,14063,14063,14063,14063,14063,14063,14063,14063
"Théo Maledon",,658,1019,1219,,,,,,,,,,,,,,,,,,,,,
"Thon Maker",,108,524,,,,,,,,,,,,,,,,,,,,,,
"Tim Duncan",,,,1731,2656,4531,6351,8440,10324,11862,13204,14689,16288,17796,19246,20641,21663,22558,23785,24904,25974,26496,26496,26496,26496
"Tim Hardaway",,,,,,,,,,,,,,11991,12826,13522,14672,15324,15373,15373,15373,15373,15373,15373,15373
"Tim Thomas",,,567,,,,,,,,,,,,,,,,,,,,,,
"Tiny Archibald",,,,,,3453,6172,6789,8959,10894,11591,11591,12351,13482,14588,15446,16141,16481,16481,16481,16481,16481,16481,16481,16481
"Tobias Harris",,208,811,1704,2868,3984,5305,6791,8435,9694,11056,12313,13084,13084,13084,13084,13084,,,,,,,,
"Tom Chambers",,,,,,,,6005,7228,9137,10811,12896,15097,16608,17736,18628,19521,20024,20024,20043,20049,20049,20049,20049,20049
"Tom Heinsohn",,,,,,,,,6849,8589,10030,11287,12201,12201,,,,,,,,,,,
"Tom Van Arsdale",,,,,,,,,,,,,11045,12638,13637,14152,14225,14225,14225,14225,14225,14225,14225,14225,14225
"Tony Parker",,705,1974,3073,4404,5914,7343,8638,10219,11113,12481,13576,14917,16051,17027,17884,18522,18943,19473,19473,19473,19473,19473,19473,19473
"Tony Wroten",,91,1006,1537,,,,,,,,,,,,,,,,,,,,,
"Tracy McGrady",451,909,2122,4187,6135,8542,10420,12423,13570,15317,16744,17289,17534,18108,18381,18381,18381,18381,18381,18381,18381,18381,18381,18381,18381
"Trae Young",,,1549,3327,4921,7076,8362,8362,8362,8362,,,,,,,,,,,,,,,
"Trevor Ariza",,468,732,1238,,,,,,,,,,,,,,,,,,,,,
"Trey Lyles",,,527,,,,,,,,,,,,,,,,,,,,,,
"Tristan Thompson",,,,1224,2240,,,,,,,,,,,,,,,,,,,,
"Troy Brown Jr.",,248,842,,,,,,,,,,,,,,,,,,,,,,
"Tyler Herro",,509,919,2344,3631,3783,,,,,,,,,,,,,,,,,,,
"Tyreke Evans",,,1450,2462,3499,4486,5528,6841,7220,,,,,,,,,,,,,,,,
"Tyrese Haliburton",,,,1622,2793,,,,,,,,,,,,,,,,,,,,
"Tyrese Maxey",,,600,2017,2463,,,,,,,,,,,,,,,,,,,,
"Tyson Chandler",,436,1127,1340,,,,,,,,,,,,,,,,,,,,,
"Tyus Jones",,156,,,,,,,,,,,,,,,,,,,,,,,
"Usman Garuba",,19,,,,,,,,,,,,,,,,,,,,,,,
"Victor Oladipo",,,,,2398,3551,4618,6353,7028,,,,,,,,,,,,,,,,
"Vin Baker",,,,,,,4472,6170,7496,8154,9445,10328,11049,,,,,,,,,,,,
"Vince Carter",,,,,,4100,6185,6766,8267,9794,11927,13964,15763,17544,18879,20046,20653,21670,22721,23435,23670,24295,24687,25159,25618
"Walt Bellamy",,,,,2495,4730,6889,8870,10690,12189,13561,15088,16005,17207,18733,19928,20939,20945,20945,20945,20945,20945,20945,20945,20945
"Walt Frazier",,,,,,,,,7200,8848,10489,12054,13288,14447,15436,15565,15575,15575,15575,15575,15575,15575,15575,15575,15575
"Walter Davis",,,,,,,,5440,6842,,9157,10714,11059,12582,14449,15666,16933,18140,19064,19521,19521,19521,19521,19521,19521
"Wayman Tisdale",,,,1192,2366,3634,5015,6773,7433,8628,9891,11210,11860,12532,12878,12878,,,,,,,,,
"Wayne Embry",,,,,,,,5545,6928,7871,,,,,,,,,,,,,,,
"Wendell Carter Jr.",,455,939,1427,2476,,,,,,,,,,,,,,,,,,,,
"Willie Naulls",,,,,,,,,,8127,9033,,,,,,,,,,,,,,
"Willis Reed",,,,,,,4366,6050,7783,9538,11065,11212,11972,12182,,,,,,,,,,,
"Wilson Chandler",,,,1439,2432,3532,,,,,,,,,,,,,,,,,,,
"Wilt Chamberlain",,,,,,,5740,9769,13355,16303,18837,21486,23440,25434,27098,27426,29122,30335,31417,31417,31417,31417,31417,31417,31417
"World B. Free",,,,,,,,6087,8036,9257,11081,13002,14265,16087,17463,17778,17953,17953,17953,17953,17953,17953,17953,17953,17953
"Xavier Henry",,165,,,,,,,,,,,,,,,,,,,,,,,
"Xavier McDaniel",,,,,,3294,4963,6640,8111,9484,10609,11720,12648,13235,13235,13581,13606,13606,13606,13606,13606,13606,13606,13606,13606
"Yao Ming",,,,,,,,,,,9196,,,,,,,,,,,,,,
"Yaroslav Korolev",27,39,,,,,,,,,,,,,,,,,,,,,,,
"Yi Jianlian",,,566,,,,,,,,,,,,,,,,,,,,,,
"Zach LaVine",,424,1659,2817,3167,4644,6240,7216,9158,10645,10645,10645,,,,,,,,,,,,,
"Zach Randolph",,,,,2390,3261,4594,6202,7419,8460,10141,11645,11969,13138,14510,15653,16693,17721,18578,18578,18578,18578,18578,18578,18578
"Zaza Pachulia",,145,,1176,2086,,,,,,,,,,,,,,,,,,,,
"Zhaire Smith",,40,,,,,,,,,,,,,,,,,,,,,,,
"Ziaire Williams",,,501,,,,,,,,,,,,,,,,,,,,,,
"Zion Williamson",,448,2187,2187,2941,,,,,,,,,,,,,,,,,,,,